{"NumModels": 1, "ModelIndexes": {"0": "TestModel"}, "ModelDescriptions": [{"Name": "TestModel", "ClassMaps": {"1": 0, "2": 1, "3": 2, "4": 4, "0": "Unknown"}, "ModelType": "PME", "FeatureNames": ["AccelerometerXMean", "AccelerometerYMean", "AccelerometerZMean", "AccelerometerXStd", "AccelerometerYStd", "AccelerometerZStd"], "FeatureFunctions": ["Mean", "Mean", "Mean", "Standard Deviation", "Standard Deviation", "Standard Deviation"], "AIF": [400, 280, 400, 137, 125, 400, 400], "Category": [4, 2, 3, 1, 2, 1, 2], "Vector": [[144, 126, 245, 1, 1, 1], [152, 18, 58, 120, 188, 138], [102, 216, 210, 232, 59, 193], [227, 1, 0, 58, 49, 81], [252, 15, 97, 84, 102, 122], [246, 10, 82, 56, 48, 105], [252, 11, 72, 204, 255, 255]], "Identifiers": [0, 1, 2, 3, 4, 5, 6], "DistanceMode": 0, "knowledgepack_summary": [{"name": "Windowing", "type": "segmenter", "inputs": {"delta": 200, "input_data": "temp.raw", "train_delta": 0, "window_size": 200, "group_columns": ["Activity", "Subject"], "return_segment_index": false}, "outputs": ["temp.Windowing0"], "feature_table": null}, {"set": [{"family": null, "inputs": {"columns": ["AccelerometerX"]}, "outputs": [0], "function_name": "Mean"}, {"family": null, "inputs": {"columns": ["AccelerometerY"]}, "outputs": [0], "function_name": "Mean"}, {"family": null, "inputs": {"columns": ["AccelerometerZ"]}, "outputs": [0], "function_name": "Mean"}, {"family": null, "inputs": {"columns": ["AccelerometerX"]}, "outputs": [0], "function_name": "Standard Deviation"}, {"family": null, "inputs": {"columns": ["AccelerometerY"]}, "outputs": [0], "function_name": "Standard Deviation"}, {"family": null, "inputs": {"columns": ["AccelerometerZ"]}, "outputs": [0], "function_name": "Standard Deviation"}], "name": "generator_set", "type": "generatorset", "inputs": {"input_data": "temp.Windowing0", "group_columns": ["Activity", "SegmentID", "Subject"]}, "outputs": ["temp.generator_set0", "temp.features.generator_set0"]}, {"name": "Min Max Scale", "type": "transform", "inputs": {"pad": null, "max_bound": 255, "min_bound": 0, "input_data": "temp.generator_set0", "passthrough_columns": ["Activity", "SegmentID", "Subject"], "feature_min_max_defaults": null, "feature_min_max_parameters": {"maximums": {"gen_0004_AccelerometerXStd": 1724.9673, "gen_0005_AccelerometerYStd": 4096.9956, "gen_0006_AccelerometerZStd": 1802.7498, "gen_0001_AccelerometerXMean": 825.035, "gen_0002_AccelerometerYMean": 2300.045, "gen_0003_AccelerometerZMean": 4119.075}, "minimums": {"gen_0004_AccelerometerXStd": 5.898251, "gen_0005_AccelerometerYStd": 10.810439, "gen_0006_AccelerometerZStd": 12.103279, "gen_0001_AccelerometerXMean": -2277.355, "gen_0002_AccelerometerYMean": -4128.655, "gen_0003_AccelerometerZMean": 114.78}}}, "outputs": ["temp.Min_Max_Scale0", "temp.features.Min_Max_Scale0"], "feature_table": "temp.features.generator_set0"}], "sensors_columns": ["AccelerometerX", "AccelerometerY", "AccelerometerZ"], "uuid": "168eebbb-0089-4817-8c3a-edf2a78ab7a6"}]}